Datetime,Water Level (m)
2026-06-27 06:00:00,-0.00043797388
2026-06-27 07:00:00,-0.00035278965
2026-06-27 08:00:00,-0.00026936995
2026-06-27 09:00:00,-0.00019791057
2026-06-27 10:00:00,-0.00015411105
2026-06-27 11:00:00,-0.00017466214
2026-06-27 12:00:00,-0.00031506582
2026-06-27 13:00:00,-0.00042915545
2026-06-27 14:00:00,-0.0005097873
2026-06-27 15:00:00,-0.00055171596
2026-06-27 16:00:00,-0.00050093944
2026-06-27 17:00:00,-0.0003971927
2026-06-27 18:00:00,-0.00030970402
2026-06-27 19:00:00,-0.0002310467
2026-06-27 20:00:00,-0.00015734001
2026-06-27 21:00:00,-8.840283e-05
2026-06-27 22:00:00,-7.158935e-05
2026-06-27 23:00:00,-0.00014108617
2026-06-28 00:00:00,-0.0002957575
2026-06-28 01:00:00,-0.00044828813
2026-06-28 02:00:00,-0.0006315088
2026-06-28 03:00:00,-0.0007972362
2026-06-28 04:00:00,-0.0008624248
2026-06-28 05:00:00,-0.00078981
2026-06-28 06:00:00,-0.0005971434
2026-06-28 07:00:00,-0.00045882296
2026-06-28 08:00:00,-0.00036916565
2026-06-28 09:00:00,-0.00028876233
2026-06-28 10:00:00,-0.0002169464
2026-06-28 11:00:00,-0.00017820724
2026-06-28 12:00:00,-0.00024026421
2026-06-28 13:00:00,-0.00038747827
2026-06-28 14:00:00,-0.00049402204
2026-06-28 15:00:00,-0.0005737922
2026-06-28 16:00:00,-0.00058747653
2026-06-28 17:00:00,-0.00050330604
2026-06-28 18:00:00,-0.00039654088
2026-06-28 19:00:00,-0.00030528018
2026-06-28 20:00:00,-0.00022361416
2026-06-28 21:00:00,-0.00014655711
2026-06-28 22:00:00,-8.56614e-05
2026-06-28 23:00:00,-8.1688144e-05
2026-06-29 00:00:00,-0.00019377863
2026-06-29 01:00:00,-0.00036485132
2026-06-29 02:00:00,-0.00055319635
2026-06-29 03:00:00,-0.00080872263
2026-06-29 04:00:00,-0.0009553222
2026-06-29 05:00:00,-0.0009075938
2026-06-29 06:00:00,-0.00073296414
2026-06-29 07:00:00,-0.0005525799
2026-06-29 08:00:00,-0.0004492248
2026-06-29 09:00:00,-0.00035293822
2026-06-29 10:00:00,-0.00026231707
2026-06-29 11:00:00,-0.00018873691
2026-06-29 12:00:00,-0.00016216649
2026-06-29 13:00:00,-0.00025246324
2026-06-29 14:00:00,-0.00040662452
2026-06-29 15:00:00,-0.000524123
2026-06-29 16:00:00,-0.0006231532
2026-06-29 17:00:00,-0.00061761076
2026-06-29 18:00:00,-0.0004860482
2026-06-29 19:00:00,-0.00036169187
2026-06-29 20:00:00,-0.00027252347
2026-06-29 21:00:00,-0.00019708212
2026-06-29 22:00:00,-0.0001270438
2026-06-29 23:00:00,-8.410696e-05
2026-06-30 00:00:00,-9.000739e-05
2026-06-30 01:00:00,-0.00025811032
2026-06-30 02:00:00,-0.00042715156
2026-06-30 03:00:00,-0.0006569012
2026-06-30 04:00:00,-0.00090767955
2026-06-30 05:00:00,-0.0009996867
2026-06-30 06:00:00,-0.0009083727
2026-06-30 07:00:00,-0.0006855208
2026-06-30 08:00:00,-0.00049937837
2026-06-30 09:00:00,-0.00039462603
2026-06-30 10:00:00,-0.00030334012
2026-06-30 11:00:00,-0.000219876
2026-06-30 12:00:00,-0.00015801864
2026-06-30 13:00:00,-0.000174512
2026-06-30 14:00:00,-0.00035410214
2026-06-30 15:00:00,-0.0005007424
2026-06-30 16:00:00,-0.0006377289
2026-06-30 17:00:00,-0.0007095477
2026-06-30 18:00:00,-0.0006233984
2026-06-30 19:00:00,-0.00045369734
2026-06-30 20:00:00,-0.00035286404
2026-06-30 21:00:00,-0.00026860097
2026-06-30 22:00:00,-0.00018845359
2026-06-30 23:00:00,-0.00011243734
2026-07-01 00:00:00,-7.240364e-05
2026-07-01 01:00:00,-0.00013410966
2026-07-01 02:00:00,-0.00033058823
2026-07-01 03:00:00,-0.000522298
2026-07-01 04:00:00,-0.00080717506
2026-07-01 05:00:00,-0.0010118773
2026-07-01 06:00:00,-0.0010170898
2026-07-01 07:00:00,-0.00083915
2026-07-01 08:00:00,-0.000607192
2026-07-01 09:00:00,-0.00046796256
2026-07-01 10:00:00,-0.00037476482
2026-07-01 11:00:00,-0.0002839031
2026-07-01 12:00:00,-0.00020009388
2026-07-01 13:00:00,-0.00015673976
2026-07-01 14:00:00,-0.00023911032
2026-07-01 15:00:00,-0.0004253108
2026-07-01 16:00:00,-0.00058077124
2026-07-01 17:00:00,-0.00072894857
2026-07-01 18:00:00,-0.0007430078
2026-07-01 19:00:00,-0.00059551786
2026-07-01 20:00:00,-0.00043231662
2026-07-01 21:00:00,-0.00033428674
2026-07-01 22:00:00,-0.00024621788
2026-07-01 23:00:00,-0.00016282163
2026-07-02 00:00:00,-9.181116e-05
2026-07-02 01:00:00,-7.088529e-05
2026-07-02 02:00:00,-0.00022538155
2026-07-02 03:00:00,-0.00041404678
2026-07-02 04:00:00,-0.00066288485
2026-07-02 05:00:00,-0.0009506795
2026-07-02 06:00:00,-0.0010762764
2026-07-02 07:00:00,-0.0009908181
2026-07-02 08:00:00,-0.00075718365
2026-07-02 09:00:00,-0.00054521335
2026-07-02 10:00:00,-0.00042593607
2026-07-02 11:00:00,-0.00032970664
2026-07-02 12:00:00,-0.0002443524
2026-07-02 13:00:00,-0.00017424783
2026-07-02 14:00:00,-0.00017343064
2026-07-02 15:00:00,-0.00035371733
2026-07-02 16:00:00,-0.0005061185
2026-07-02 17:00:00,-0.00066608074
2026-07-02 18:00:00,-0.0007781621
2026-07-02 19:00:00,-0.00072730886
2026-07-02 20:00:00,-0.00053883326
2026-07-02 21:00:00,-0.0004026467
2026-07-02 22:00:00,-0.00031594164
2026-07-02 23:00:00,-0.00023624736
2026-07-03 00:00:00,-0.0001619076
2026-07-03 01:00:00,-0.000108315
2026-07-03 02:00:00,-0.0001563928
2026-07-03 03:00:00,-0.00037152274
2026-07-03 04:00:00,-0.00057805347
2026-07-03 05:00:00,-0.00086879934
2026-07-03 06:00:00,-0.0010932852
